Periodo_Semestre,Regione,Indice_Accessibilita,PressioneDomanda,Variazione_Transazioni,Price_Momentum_perc,Z_Accessibilita,Z_PressioneDomanda,Z_Liquidita,Z_PriceMomentum,IMM,Fascia_Salute
2013_S1,ITALIA,6.286977063069801,-0.0803948161543097,-8.915214938799199,-0.5139495616365874,-1.0059600697448838,-1.0229859739225913,-1.1500149310900059,-0.8103994322069502,-1.0105447176365303,Contrazione
2014_S1,ITALIA,6.235988666677066,-0.0625726462611391,4.178638529056133,2.7423293250836136,-1.0917733083288261,-0.848164048306962,-0.07089108743769655,2.495380981462904,-0.27644094267528146,Equilibrio / Transizione
2015_S1,ITALIA,6.416638574669776,-0.0268817204301075,7.445927443040246,-0.0558359492297403,-0.7877403370751079,-0.498063223424997,0.19838100880477144,-0.3453216364118056,-0.43725012870460334,Equilibrio / Transizione
2016_S1,ITALIA,6.633362636973223,0.0612244897959184,18.63898493168361,0.036452887080131,-0.4229947286414066,0.36619165814874655,1.1208516358832403,-0.25162983724872895,0.1482351940094704,Equilibrio / Transizione
2017_S1,ITALIA,6.83218487692703,0.16600692726373079,5.027852637708108,1.910338494072777,-0.08837780557651648,1.3940276398852762,-0.0009035016393663565,1.6507423343478917,0.6347067098381126,Espansione Robusta
2018_S1,ITALIA,6.960596963648409,0.02668564312399925,6.631131619185471,-0.1279668504201238,0.12773915072088984,0.027391853191120533,0.1312299899401903,-0.41854906215472054,0.01638989737447759,Equilibrio / Transizione
2019_S1,ITALIA,7.061743352498402,0.108169014084507,4.309442509145733,-0.0641048192723213,0.2979680618526266,0.826681720943267,-0.060110938255041234,-0.35371620873834186,0.2872137189696398,Equilibrio / Transizione
2020_S1,ITALIA,7.1318457971551,-0.16240227434257282,-7.522112607893671,-0.2829290943071788,0.4159501564905355,-1.8274167385967144,-1.0352030504149734,-0.5758670218630577,-0.6960631301697803,Contrazione
2021_S1,ITALIA,7.772165777708453,0.0594736842105262,34.123580225349826,-0.2290207744118709,1.4936057634262214,0.3490175875584896,2.397007355184907,-0.5211391947194638,1.0286978852957862,Espansione Robusta
2022_S1,ITALIA,8.182464544626106,0.18988095238095234,4.804627147816287,0.1835132929032565,2.1841367168809276,1.628213660342186,-0.019300526567482247,-0.1023338383160057,1.2337017679500832,Espansione Robusta
2023_S1,ITALIA,6.432873316776002,0.01709013914095585,-9.532151473921246,-0.1099989018703066,-0.7604173401528345,-0.06673273958424643,-1.200859468697275,-0.400307967194442,-0.5863839797473872,Contrazione
2024_S1,ITALIA,6.669523441316638,-0.009561128526645849,1.2750803332502336,-0.077050922518156,-0.36213625985161507,-0.32816139623357454,-0.31018648571126806,-0.36685911695727946,-0.34226227450398317,Equilibrio / Transizione
2012_S1,ABRUZZO,8.137275344373167,,-26.23833105112765,-2.991149956793647,-1.2685671426476721,,-1.8896388439464227,-2.315569745737304,,Crisi
2013_S1,ABRUZZO,8.180256812428361,-0.0803948161543097,-11.64053344409668,-0.7567680828349934,-1.2316871222967731,-1.0229859739225913,-0.9473977075119491,-0.5297321087952293,-1.006925642802322,Contrazione
2014_S1,ABRUZZO,8.384218901169348,-0.0625726462611391,-3.687750031178938,1.541075776481132,-1.0566785354816357,-0.848164048306962,-0.43407097956802543,1.3068277450101824,-0.5150767360727387,Contrazione
2015_S1,ABRUZZO,8.724529645614336,-0.0268817204301075,8.416547966491695,2.1331807472586317,-0.7646767089120071,-0.498063223424997,0.3472227339147159,1.7800697427898837,-0.08060080694527577,Equilibrio / Transizione
2016_S1,ABRUZZO,9.111209767440611,0.0612244897959184,14.22190984460363,0.0862137967725773,-0.43288788439050796,0.3661916581487466,0.7219402714979835,0.14402414809572242,0.12433841442190126,Equilibrio / Transizione
2017_S1,ABRUZZO,9.596480100819875,0.16600692726373079,0.4657256300919954,-0.559412714413094,-0.01650425254868811,1.3940276398852762,-0.16597741281355186,-0.3719951306680431,0.3234370514106252,Equilibrio / Transizione
2018_S1,ABRUZZO,9.83820637981731,0.02668564312399925,5.713419314677903,-0.7355658182787033,0.19090769711586542,0.027391853191120565,0.17274442688661587,-0.5127861236553021,0.03266621677691692,Equilibrio / Transizione
2019_S1,ABRUZZO,10.075004412697622,0.108169014084507,6.9226676562863965,0.6083692293644252,0.3940909913780411,0.826681720943267,0.25079753889029927,0.5613587294062167,0.5202996804542869,Espansione Robusta
2020_S1,ABRUZZO,10.33033572045758,-0.16240227434257282,-4.398533054960852,-0.8202022034002446,0.6131766637035354,-1.8274167385967144,-0.4799497499219883,-0.580432054624562,-0.516667947460859,Contrazione
2021_S1,ABRUZZO,11.329394459576777,0.0594736842105262,39.4763944045996,0.605576160602877,1.4704137078907018,0.3490175875584897,2.3520364594610443,0.5591263592929995,1.1736263198154513,Espansione Robusta
2022_S1,ABRUZZO,12.00699492454054,0.18988095238095234,9.04482638639883,0.1003935117600903,2.0518251874974913,1.628213660342186,0.38777609602499924,0.1553573355875043,1.3074617332699034,Surriscaldamento
2023_S1,ABRUZZO,9.473121383843356,0.01709013914095585,-8.023373494856301,-0.0170362869419622,-0.12235154437949941,-0.0667327395842464,-0.7139216042677203,0.0615011525129823,-0.1964020103846954,Equilibrio / Transizione
2024_S1,ABRUZZO,9.817264866753696,-0.009561128526645849,9.210019318848396,-0.4164729902707615,0.1729389430711474,-0.3281613962335745,0.3984387713539991,-0.2577500492150511,0.0031054580933713993,Equilibrio / Transizione
2012_S1,BASILICATA,9.764292902233555,,-16.369669670461164,-0.869311465650441,-0.6140802800062081,,-1.3731119171363046,-0.2427913958149527,,Crisi
2013_S1,BASILICATA,9.808164115308944,-0.0803948161543097,-9.265649966435651,0.6822462584555816,-0.5702766645686823,-1.0229859739225913,-0.8184646122049941,0.43905406347491305,-0.6043274376955781,Contrazione
2014_S1,BASILICATA,9.488505617447078,-0.0625726462611391,-3.1219064886888197,4.623459301423767,-0.8894426262578775,-0.848164048306962,-0.33879100429105957,2.171054217700706,-0.30785420188545176,Equilibrio / Transizione
2015_S1,BASILICATA,9.56751717378312,-0.0268817204301075,13.351833725928874,-1.2400605956300108,-0.8105528124996645,-0.498063223424997,0.9473985043048532,-0.40572030711787743,-0.3044907966090926,Equilibrio / Transizione
2016_S1,BASILICATA,9.733395340722764,0.0612244897959184,10.641050377507089,-0.387278850128622,-0.644930233939559,0.3661916581487466,0.7357537255603857,-0.03095799444244222,0.026638961511489152,Equilibrio / Transizione
2017_S1,BASILICATA,9.927576498653433,0.16600692726373079,2.0469131920124672,-0.1465283134890136,-0.4510482741999952,1.3940276398852762,0.06476529552499605,0.0748419108262439,0.28452074172452035,Equilibrio / Transizione
2018_S1,BASILICATA,10.094253026890847,0.02668564312399925,-5.838551077866971,-0.0221956858858349,-0.2846285644730896,0.027391853191120565,-0.5508934002050333,0.12948095921978742,-0.18215897776628373,Equilibrio / Transizione
2019_S1,BASILICATA,10.200118470609624,0.108169014084507,9.277804554407144,-0.0947013481700786,-0.17892624033604168,0.826681720943267,0.6293181224450406,0.0976177189205578,0.3258866144924573,Equilibrio / Transizione
2020_S1,BASILICATA,10.79750201966292,-0.16240227434257282,-13.332498407287808,-5.141648220504864,0.41753684826075055,-1.8274167385967144,-1.1359843575408033,-2.12030672869317,-0.9473300054998879,Contrazione
2021_S1,BASILICATA,12.124784505699317,0.0594736842105262,27.89481289738884,-3.195792223057775,1.742774231038207,0.3490175875584897,2.082843581765957,-1.265183483403852,0.941467450973533,Espansione Robusta
2022_S1,BASILICATA,12.800286186459903,0.18988095238095234,12.640589499539455,0.1555560474072468,2.4172350853709026,1.628213660342186,0.8918680145609541,0.2075954955620454,1.5440093052289694,Surriscaldamento
2023_S1,BASILICATA,10.1483952642729,0.01709013914095585,-9.17860912191335,-0.0474919588753422,-0.2305697505274807,-0.0667327395842464,-0.8116688864265473,0.11836429329954881,-0.24529836785026932,Equilibrio / Transizione
2024_S1,BASILICATA,10.476379661823666,-0.009561128526645849,-2.9200760631554634,1.564916764563668,0.09690928213874188,-0.3281613962335745,-0.32303306635744417,0.8269512504684924,-0.005094095822727671,Equilibrio / Transizione
2012_S1,CALABRIA,9.070082675572232,,-20.26591096211829,-1.976141418219382,-0.7641098884895369,,-1.5806841979447277,-1.1068296773824848,,Crisi
2013_S1,CALABRIA,9.132112391044807,-0.0803948161543097,-11.378217835739502,0.3277123250441588,-0.686026553356808,-1.0229859739225913,-0.947969651012141,-0.12506520413966063,-0.7553587966750375,Contrazione
2014_S1,CALABRIA,8.871779169272193,-0.0625726462611391,-7.412967423863581,7.704933028283081,-1.0137353949496997,-0.848164048306962,-0.6656836199634358,3.0186643919291107,-0.28959366792780405,Equilibrio / Transizione
2015_S1,CALABRIA,9.001407017780457,-0.0268817204301075,2.111790571193884,0.8262401469835231,-0.850559171094851,-0.498063223424997,0.012383551550252867,0.08737749363761971,-0.4315313425550034,Equilibrio / Transizione
2016_S1,CALABRIA,9.228702935388927,0.0612244897959184,10.321232604457364,0.0564532902439403,-0.5644378633682275,0.3661916581487466,0.5968134280982048,-0.24065955738004757,-0.004432002721621801,Equilibrio / Transizione
2017_S1,CALABRIA,9.45177479591838,0.16600692726373079,6.857316609364306,1.3198709987113268,-0.28363382111683494,1.3940276398852762,0.3502173757499369,0.29773339602074966,0.4336399391277904,Equilibrio / Transizione
2018_S1,CALABRIA,9.707132573414263,0.02668564312399925,2.6285085285811194,-0.6377366264781024,0.03781190480747107,0.027391853191120565,0.049168683940777155,-0.5364817205333684,-0.04918679865189878,Equilibrio / Transizione
2019_S1,CALABRIA,9.848985033620755,0.108169014084507,3.750214033468336,0.1998421989115155,0.2163765347645893,0.826681720943267,0.1290228575969363,-0.17955579295988489,0.32260750602599086,Equilibrio / Transizione
2020_S1,CALABRIA,10.100588572003852,-0.16240227434257282,-9.15799032896919,-1.5156222019076455,0.5330964045636705,-1.8274167385967144,-0.7899117364264011,-0.9105839707518052,-0.6562112228797807,Contrazione
2021_S1,CALABRIA,10.928345155716281,0.0594736842105262,38.2247646520687,1.3562751007601386,1.5750807864349263,0.3490175875584897,2.583264848762487,0.31324664384576195,1.2196235178491328,Espansione Robusta
2022_S1,CALABRIA,11.54982591727436,0.18988095238095234,9.869212452538378,-0.3666241234977698,2.3574040683261472,1.628213660342186,0.5646341301005084,-0.42094981037791446,1.3633398764802218,Surriscaldamento
2023_S1,CALABRIA,9.164184536418139,0.01709013914095585,-0.3160131336126914,0.7568538072641727,-0.6456539665001303,-0.0667327395842464,-0.16045170494265676,0.05780919162886532,-0.2694176723945211,Equilibrio / Transizione
2024_S1,CALABRIA,9.747309600650391,-0.009561128526645849,-0.0400228318986228,0.0234927074863449,0.08838695997925249,-0.3281613962335745,-0.14080396550974125,-0.25470538353694067,-0.13387958350982332,Equilibrio / Transizione
2012_S1,CAMPANIA,5.503345660990434,,-15.992784804207783,-1.6163456915134358,-1.4625528645735975,,-1.4503054660546892,-0.9956119783060794,,Crisi
2013_S1,CAMPANIA,5.746324665471988,-0.0803948161543097,-11.737965109682492,-1.7977304271530052,-1.094257035336391,-1.0229859739225913,-1.1176422241467543,-1.1255225577969707,-1.0822425830434106,Contrazione
2014_S1,CAMPANIA,5.871933439997844,-0.0625726462611391,1.836973363845784,3.086703811781415,-0.9038653269162453,-0.848164048306962,-0.05628513606255376,2.3727855011899623,-0.22614128094679076,Equilibrio / Transizione
2015_S1,CAMPANIA,6.110624658659119,-0.0268817204301075,7.385602883472231,0.2848711435510236,-0.5420687161511888,-0.498063223424997,0.37753467691801484,0.3660692012605039,-0.2087257021077366,Equilibrio / Transizione
2016_S1,CAMPANIA,6.3089939306126155,0.0612244897959184,14.725780540151302,-0.8906703339927481,-0.24139016301784458,0.3661916581487466,0.9514267500869298,-0.47587195781669117,0.14427549673326068,Equilibrio / Transizione
2017_S1,CAMPANIA,6.4467950829677765,0.16600692726373079,8.329397056975596,0.3251640972909841,-0.03251783767115179,1.3940276398852762,0.45132526077176344,0.3949276437931732,0.5563312475040084,Espansione Robusta
2018_S1,CAMPANIA,6.54851923589008,0.02668564312399925,4.430981386160293,0.1251947392941579,0.12167071591976654,0.027391853191120565,0.14652748120267975,0.2517064676220403,0.11786377291309644,Equilibrio / Transizione
2019_S1,CAMPANIA,6.624049622468835,0.108169014084507,1.664693399242445,0.2375815903097348,0.23615602471006275,0.826681720943267,-0.06975485173921891,0.3321996849322458,0.3665381073234952,Equilibrio / Transizione
2020_S1,CAMPANIA,6.818934802310007,-0.16240227434257282,-10.988736382722063,-2.605389622901088,0.5315535594427216,-1.8274167385967144,-1.0590637472345807,-1.7039806831778983,-0.8295911276976626,Contrazione
2021_S1,CAMPANIA,7.428799728065229,0.0594736842105262,33.33275632313999,-0.2562380043023511,1.4559573326533344,0.3490175875584897,2.4062138692769603,-0.021481618369320592,1.092310873796208,Espansione Robusta
2022_S1,CAMPANIA,7.932311368821285,0.18988095238095234,4.916368436346241,-0.2739948770546663,2.219155937646039,1.628213660342186,0.18447748644091633,-0.034199367859460414,1.2969342683880334,Surriscaldamento
2023_S1,CAMPANIA,6.264502174022595,0.01709013914095585,-5.57813823570108,0.7716324077467865,-0.3088286168978612,-0.0667327395842464,-0.6360359224444914,0.7146952181214032,-0.14811273956021315,Equilibrio / Transizione
2024_S1,CAMPANIA,6.482094287512556,-0.009561128526645849,0.9143794472167066,-0.3319609211100136,0.020986990192361422,-0.3281613962335745,-0.12841817701497657,-0.07571555359290817,-0.1281439407446774,Equilibrio / Transizione
2012_S1,EMILIA-ROMAGNA,5.851894976686409,,-30.27599422011985,-0.2446682232686264,-1.6146867969814052,,-2.094686777919609,0.04544887929381139,,Crisi
2013_S1,EMILIA-ROMAGNA,5.983727804032461,-0.0803948161543097,-6.845523633081108,-2.946987508233813,-1.4442463190105743,-1.0229859739225913,-0.6324346146189349,-1.8549950566146398,-1.2171181852464614,Contrazione
2014_S1,EMILIA-ROMAGNA,6.500684960518145,-0.0625726462611391,7.287817320369827,-3.645609149695028,-0.7758966627403827,-0.848164048306962,0.2496009512941942,-2.346310523812099,-0.8280394347641984,Contrazione
2015_S1,EMILIA-ROMAGNA,6.812441124895855,-0.0268817204301075,7.731088562521493,1.4314645138170838,-0.37284174283479776,-0.498063223424997,0.27726468644443086,1.2242127336224493,-0.040828729687424764,Equilibrio / Transizione
2016_S1,EMILIA-ROMAGNA,7.0259362941585,0.0612244897959184,22.473464304036384,0.7017323106466665,-0.09682385392104481,0.3661916581487466,1.1973089826160348,0.7110183275920015,0.4220836942342655,Equilibrio / Transizione
2017_S1,EMILIA-ROMAGNA,7.230733662963473,0.16600692726373079,4.272010551337857,0.0686904985793867,0.1679490568097774,1.3940276398852762,0.061390050632503475,0.265822795142083,0.5291418912468181,Espansione Robusta
2018_S1,EMILIA-ROMAGNA,7.354597931273482,0.02668564312399925,11.66449193573682,-0.0810199806568429,0.3280873586217303,0.027391853191120565,0.5227410873665688,0.16053680100016354,0.2516768690982801,Equilibrio / Transizione
2019_S1,EMILIA-ROMAGNA,7.4601769767332815,0.108169014084507,4.997343189503889,-0.3438378041521218,0.4645855536019285,0.826681720943267,0.10665671377232015,-0.02429351926922498,0.4282967749077353,Equilibrio / Transizione
2020_S1,EMILIA-ROMAGNA,7.495730184775141,-0.16240227434257282,-5.706465078287238,0.4325429897712902,0.5105506284170548,-1.8274167385967144,-0.5613480852346362,0.5217071624328061,-0.40354584431505147,Equilibrio / Transizione
2021_S1,EMILIA-ROMAGNA,8.171160468899508,0.0594736842105262,35.80318906145585,-0.456347879936397,1.3837827571640724,0.3490175875584897,2.0291923539010077,-0.1034178079653998,0.979355040860364,Espansione Robusta
2022_S1,EMILIA-ROMAGNA,8.621480280357414,0.18988095238095234,1.9183806802044008,0.3996164410301656,1.965980116120421,1.628213660342186,-0.08549561937097509,0.4985511052512542,1.2342406806582962,Espansione Robusta
2023_S1,EMILIA-ROMAGNA,6.804956552323715,0.01709013914095585,-11.87778881107552,0.4442670024624208,-0.38251819559913325,-0.0667327395842464,-0.9464889403948551,0.5299522387816062,-0.2637061425967006,Equilibrio / Transizione
2024_S1,EMILIA-ROMAGNA,6.997241583163906,-0.009561128526645849,1.3061982442763576,0.2193367220570847,-0.13392189964766443,-0.3281613962335745,-0.12370078848804972,0.3717668645451879,-0.11429621176258667,Equilibrio / Transizione
2012_S1,LAZIO,5.210715692559242,,-26.38536436159118,0.0126734884677704,-1.512272558410555,,-1.9217566503269903,0.32750730109524623,,Crisi
2013_S1,LAZIO,5.320325191663913,-0.0803948161543097,-9.32799148158805,-0.8041687752370219,-1.3899610170140995,-1.0229859739225913,-0.7465862192330981,-0.430362268947997,-1.0072537323205313,Contrazione
2014_S1,LAZIO,5.7010958115393855,-0.0625726462611391,8.683366862413756,-3.468782851944897,-0.965064983222549,-0.848164048306962,0.4943091928922475,-2.9026020322122483,-0.9287504248733683,Contrazione
2015_S1,LAZIO,5.9783303544902475,-0.0268817204301075,2.428663371494544,0.2329793102443553,-0.655703253138546,-0.498063223424997,0.06339039610584256,0.5319079373583381,-0.28645083580107095,Equilibrio / Transizione
2016_S1,LAZIO,6.228529604237318,0.0612244897959184,12.994087635744169,0.8497431894291045,-0.37650978776582644,0.3661916581487466,0.7912969896155592,1.1041439695831314,0.3019600650871663,Equilibrio / Transizione
2017_S1,LAZIO,6.516599331624709,0.16600692726373079,3.3393176816224117,0.6168467902907898,-0.055057243285516165,1.3940276398852762,0.12613007036512283,0.888061744504529,0.5573735325643561,Espansione Robusta
2018_S1,LAZIO,6.733781408192123,0.02668564312399925,4.769973965476315,-0.2706695042526392,0.18729287021401325,0.027391853191120565,0.22469536372367835,0.06462052159164697,0.12840221151572354,Equilibrio / Transizione
2019_S1,LAZIO,6.921382259351311,0.108169014084507,3.1934315685373083,-0.2102524436980993,0.39663375271047874,0.826681720943267,0.11607922328504176,0.12067571577084245,0.4281435317542824,Equilibrio / Transizione
2020_S1,LAZIO,7.022781798382042,-0.16240227434257282,-8.17551430192751,0.1282711285775448,0.5097839268928769,-1.8274167385967144,-0.6671861197233252,0.4347592611134045,-0.4380239819441618,Equilibrio / Transizione
2021_S1,LAZIO,7.779616343873885,0.0594736842105262,35.313188320455644,-1.0195926519274785,1.3543238672934328,0.3490175875584897,2.3289749988727246,-0.6302334167311247,0.9499786170851248,Espansione Robusta
2022_S1,LAZIO,8.297447465689736,0.18988095238095234,2.5251803521009863,0.3226560040979075,1.9321635911285886,1.628213660342186,0.07003994891242535,0.6151103381565578,1.2709958955036302,Surriscaldamento
2023_S1,LAZIO,6.632907591268287,0.01709013914095585,-12.375357056639814,-0.4280563594095442,0.07472934118341167,-0.0667327395842464,-0.9565349576307083,-0.08140364188299082,-0.19738209026967013,Equilibrio / Transizione
2024_S1,LAZIO,7.013692655684641,-0.009561128526645849,2.628348909153533,-0.3857864296882906,0.49964149341427905,-0.3281613962335745,0.07714776314147992,-0.04218542939933548,0.08552784204332096,Equilibrio / Transizione
2012_S1,LIGURIA,3.4324636510554796,,-26.43894260586453,-0.4621962557197177,-1.3219979982132672,,-1.8686691514595264,-1.161803267483172,,Crisi
2013_S1,LIGURIA,3.5183021583353398,-0.0803948161543097,-6.5067455154532166,0.4044105837352741,-1.0931434127193265,-1.0229859739225913,-0.601650538698307,0.3419509755417747,-0.7585334480369368,Contrazione
2014_S1,LIGURIA,3.6251446870564785,-0.0625726462611391,7.830722361115439,1.629446448888558,-0.8082898732247326,-0.848164048306962,0.30973111065421327,2.4676587315993146,-0.10525563825000506,Equilibrio / Transizione
2015_S1,LIGURIA,3.6772228691403757,-0.0268817204301075,4.005487778860895,0.431171625268995,-0.6694439036037699,-0.498063223424997,0.06657460402775878,0.388387292360377,-0.31215131862921025,Equilibrio / Transizione
2016_S1,LIGURIA,3.7633726249393313,0.0612244897959184,23.108626335202388,-0.1879656716093058,-0.43975949647056245,0.3661916581487466,1.2808929254477732,-0.6859526445148789,0.10922736209224995,Equilibrio / Transizione
2017_S1,LIGURIA,3.889638580686533,0.16600692726373079,4.703932966186764,0.4818522376610046,-0.10312103571179913,1.3940276398852762,0.11097227119517244,0.47632934688133644,0.4757597857376881,Equilibrio / Transizione
2018_S1,LIGURIA,4.011014709037615,0.02668564312399925,2.343643654916772,0.6809524640600666,0.2204806253944799,0.027391853191120565,-0.039062894286864665,0.8218122078556486,0.20084502716637848,Equilibrio / Transizione
2019_S1,LIGURIA,4.09227494581323,0.108169014084507,4.1237631294153365,0.5001952173159921,0.4371290550298144,0.826681720943267,0.0740929458293972,0.5081584673429923,0.49204204481074343,Equilibrio / Transizione
2020_S1,LIGURIA,4.114690974149856,-0.16240227434257282,-9.076172136152929,-0.0911105792670356,0.4968925695172411,-1.8274167385967144,-0.7649798163380916,-0.5178876703682883,-0.6049917360708416,Contrazione
2021_S1,LIGURIA,4.488624750315601,0.0594736842105262,38.48433761973056,-0.5342285199959248,1.4938397679067672,0.3490175875584897,2.258272001802166,-1.286795153201686,0.8861843224150956,Espansione Robusta
2022_S1,LIGURIA,4.756550336285066,0.18988095238095234,5.722510931985769,-0.0344815472540302,2.2081578620035556,1.628213660342186,0.17571963624288423,-0.41962379418943535,1.2335197079240618,Espansione Robusta
2023_S1,LIGURIA,3.7796313103379706,0.01709013914095585,-9.48128691102006,-0.2067335076474175,-0.3964121128138223,-0.0667327395842464,-0.7907315163505378,-0.7185189846241444,-0.42468821232384096,Equilibrio / Transizione
2024_S1,LIGURIA,3.9191906613599254,-0.009561128526645849,-0.3637395275695176,0.0841824768930897,-0.024332047094570874,-0.3281613962335745,-0.21116157806603694,-0.21371550719983806,-0.18125427704635524,Equilibrio / Transizione
2012_S1,LOMBARDIA,7.2659593714402355,,-25.242639111106,-0.2875315423560894,-0.8011177215422847,,-1.9787669960529706,-0.4479462484112194,,Crisi
2013_S1,LOMBARDIA,7.386365173965053,-0.0803948161543097,-8.70773420810057,-0.3390957430121896,-0.5799374713163956,-1.0229859739225913,-0.8180708514364919,-0.563436252604243,-0.7580035153154506,Contrazione
2014_S1,LOMBARDIA,7.445555957486317,-0.0625726462611391,3.7377031238978953,0.7804578444716199,-0.47120656270755845,-0.848164048306962,0.055558069567522135,1.9440640454251732,-0.1166502907124537,Equilibrio / Transizione
2015_S1,LOMBARDIA,7.534080143594799,-0.0268817204301075,9.691037981813988,-1.1060311300974384,-0.3085914625716528,-0.498063223424997,0.4734626694263407,-2.2811661881651686,-0.5049083732670847,Contrazione
2016_S1,LOMBARDIA,7.619032176707492,0.0612244897959184,21.08640022112189,-0.1633783056328797,-0.15253825295004222,0.3661916581487466,1.2733797596824084,-0.16987623768092272,0.2856636251964525,Equilibrio / Transizione
2017_S1,LOMBARDIA,7.772898218029965,0.16600692726373079,5.5451623158069285,-0.1104194614170817,0.13010700838574077,1.3940276398852762,0.18243578237608563,-0.05126260530191228,0.49254351058052237,Equilibrio / Transizione
2018_S1,LOMBARDIA,7.846283204838467,0.02668564312399925,6.508177143215188,-0.0097656341702579,0.26491205436168075,0.027391853191120565,0.25003626776975135,0.17417501969507965,0.17707028149213663,Equilibrio / Transizione
2019_S1,LOMBARDIA,7.880721262688689,0.108169014084507,5.937172842747351,0.2421517626848781,0.32817327676859764,0.826681720943267,0.2099536368746694,0.7384025428391501,0.5156162719527956,Espansione Robusta
2020_S1,LOMBARDIA,7.889156698751827,-0.16240227434257282,-7.745904886966947,-0.3158800828696226,0.34366880788160026,-1.8274167385967144,-0.7505535846987822,-0.511439389410521,-0.6547675641717888,Contrazione
2021_S1,LOMBARDIA,8.538311774392525,0.0594736842105262,31.956658325308982,-0.1219086609773594,1.5361385979984175,0.3490175875584897,2.03643626025065,-0.0769953363150514,1.0380917371698652,Espansione Robusta
2022_S1,LOMBARDIA,8.901607039498849,0.18988095238095234,3.864142072985533,0.4565478191787537,2.2034962830695783,1.628213660342186,0.06443366949363391,1.2185923091575033,1.4553633774493606,Surriscaldamento
2023_S1,LOMBARDIA,6.941332933997848,0.01709013914095585,-8.821673488284132,0.0361302768181925,-1.3974424430908754,-0.0667327395842464,-0.8260690155629393,0.2769695726030129,-0.6327930441792162,Contrazione
2024_S1,LOMBARDIA,7.105615697213591,-0.009561128526645849,0.4926266234535292,-0.199188386694593,-1.0956621142867946,-0.3281613962335745,-0.17223566768987766,-0.25008123183088093,-0.5538894771830581,Contrazione
2012_S1,MARCHE,6.025186824505765,,-29.905242736535,-1.4683065944092486,-1.4031533622968775,,-2.0059534387634312,-0.38266129793199904,,Crisi
2013_S1,MARCHE,6.055896324151239,-0.0803948161543097,-13.868319179247612,1.3982665604957794,-1.3724797004929146,-1.0229859739225913,-1.0130692742904543,-0.14117773712233092,-1.0110542027757379,Contrazione
2014_S1,MARCHE,6.166847335345776,-0.0625726462611391,1.711533740897031,3.050231306691828,-1.2616581686061035,-0.848164048306962,-0.04848344247732098,-0.002014245494405556,-0.7060283988238498,Contrazione
2015_S1,MARCHE,6.503002252756708,-0.0268817204301075,7.717104990966894,4.566168772056267,-0.9258955424012296,-0.498063223424997,0.3233357890297693,0.12569014484169805,-0.3899617273357208,Equilibrio / Transizione
2016_S1,MARCHE,8.025644351040693,0.0612244897959184,19.08851240983229,-0.6504878267643717,0.5949696397223956,0.3661916581487466,1.0273667282326586,-0.31376726403304467,0.4765051273890375,Equilibrio / Transizione
2017_S1,MARCHE,8.163133173408609,0.16600692726373079,0.0606525388955558,41.506687873528,0.7322980132818814,1.3940276398852762,-0.15069343288090653,3.2376037813442005,1.13001447723969,Espansione Robusta
2018_S1,MARCHE,8.077841067645416,0.02668564312399925,9.223177967733063,-4.801521704700047,0.6471054430045736,0.027391853191120565,0.41658035703123597,-0.6634553367655484,0.2185022319003519,Equilibrio / Transizione
2019_S1,MARCHE,8.1104181648909,0.108169014084507,7.059207365958353,-2.203451988728826,0.6796445229309399,0.826681720943267,0.282603778842034,-0.44459082770149155,0.4757122309219921,Equilibrio / Transizione
2020_S1,MARCHE,8.178062507856442,-0.16240227434257282,-1.900465238790927,0.2664329626436246,0.7472099252666989,-1.8274167385967144,-0.2721109091927225,-0.23652475695528946,-0.3766024431175076,Equilibrio / Transizione
2021_S1,MARCHE,8.52819983558153,0.0594736842105262,36.42622090953935,3.381354689631351,1.0969386443787184,0.3490175875584897,2.1007855891578426,0.025879985442194595,0.912672917447996,Espansione Robusta
2022_S1,MARCHE,8.763291944339034,0.18988095238095234,5.8623116267893405,-3.920557259575793,1.3317564017520758,1.628213660342186,0.20850111060264614,-0.589241835257206,0.9078927855478306,Espansione Robusta
2023_S1,MARCHE,6.904627974237998,0.01709013914095585,-13.391593368732511,-1.2353704569331707,-0.5247385162461233,-0.0667327395842464,-0.9835540429953035,-0.3630384783215093,-0.45484488290870423,Equilibrio / Transizione
2024_S1,MARCHE,7.087582697490799,-0.009561128526645849,4.347107118275573,0.0743965813915099,-0.3419973002940395,-0.3281613962335745,0.11469118770395209,-0.25270213204526865,-0.23311455623898605,Equilibrio / Transizione
2012_S1,MOLISE,9.48631500024397,,-27.36071757728585,0.4088221087934907,-0.9450782062743326,,-1.8431228015651897,0.16412076940980522,,Crisi
2013_S1,MOLISE,9.407854117717898,-0.0803948161543097,-13.475117091876443,-0.0726838526848562,-1.0347591323462308,-1.0229859739225913,-0.9737229829868559,-0.4163607560578018,-0.9262601985039997,Contrazione
2014_S1,MOLISE,9.482131703124958,-0.0625726462611391,10.53509517891018,1.043036469433872,-0.9498597222041616,-0.848164048306962,0.5295950920350689,0.928700544097698,-0.3416760172418766,Equilibrio / Transizione
2015_S1,MOLISE,9.685453171917901,-0.0268817204301075,-3.327415298121028,0.7025754221578654,-0.7174629274626453,-0.498063223424997,-0.33835902391657097,0.5182563047817476,-0.390464350705477,Equilibrio / Transizione
2016_S1,MOLISE,9.853119059815018,0.0612244897959184,6.8027731439678,-0.1431726161519551,-0.5258205240996178,0.3661916581487466,0.2959083959887258,-0.5013387796321722,-0.09019882373732291,Equilibrio / Transizione
2017_S1,MOLISE,10.075409470151648,0.16600692726373079,0.8014979126663491,0.1068121379999487,-0.2717421959688199,1.3940276398852762,-0.07984111537122855,-0.19996861385434436,0.27713500822409853,Equilibrio / Transizione
2018_S1,MOLISE,10.266358643936815,0.02668564312399925,5.392918743721453,0.2113352192698283,-0.05348695607870803,0.027391853191120565,0.20763514046160628,-0.07396037612488723,0.019930093003376528,Equilibrio / Transizione
2019_S1,MOLISE,10.544201215064875,0.108169014084507,4.658816547296296,-0.5436471509784419,0.2640875890799193,0.826681720943267,0.16167181917344017,-0.9841325298347091,0.2251496568204335,Equilibrio / Transizione
2020_S1,MOLISE,10.711600004296097,-0.16240227434257282,-5.752666692442176,0.1167181506812849,0.45542469820027565,-1.8274167385967144,-0.49020792122895024,-0.18802637884045437,-0.5150719182807761,Contrazione
2021_S1,MOLISE,11.59487677527995,0.0594736842105262,41.20097726402538,2.514167420062196,1.4650115935975632,0.3490175875584897,2.4496353776070365,2.702228613742881,1.5127207016095334,Surriscaldamento
2022_S1,MOLISE,12.390342070732249,0.18988095238095234,10.770616376889253,0.1850523894839819,2.374229818749613,1.628213660342186,0.5443414537073291,-0.10564575148524954,1.4124659626836986,Surriscaldamento
2023_S1,MOLISE,10.007451013646534,0.01709013914095585,-9.216565688357326,-0.8414445290935539,-0.3494188307144239,-0.0667327395842464,-0.7070882183242553,-1.3431434043787571,-0.4852055669469869,Equilibrio / Transizione
2024_S1,MOLISE,10.565887276727622,-0.009561128526645849,5.96660856389859,-0.1426673399747709,0.28887479552156464,-0.3281613962335745,0.24355478441984407,-0.5007296418237559,-0.023740729827119292,Equilibrio / Transizione
2012_S1,PIEMONTE,7.900203913054745,,-25.85515207154233,-4.9573749943573,-1.2183675739858806,,-1.9741064134078385,-3.0631654800305568,,Crisi
2013_S1,PIEMONTE,8.006939010480647,-0.0803948161543097,-8.86871156382858,-0.7222045496100559,-1.102771577250258,-1.0229859739225913,-0.7943686635467668,-0.3039361519750906,-0.8973299997199845,Contrazione
2014_S1,PIEMONTE,8.110849087119465,-0.0625726462611391,3.314711834792017,1.300428659507311,-0.9902351279508328,-0.848164048306962,0.051791219058792796,1.0138169215564405,-0.4386007272296554,Equilibrio / Transizione
2015_S1,PIEMONTE,8.43516734274915,-0.0268817204301075,5.978357408874202,-0.5315485620293006,-0.6389927257494546,-0.498063223424997,0.2367860232714891,-0.17972306554437573,-0.35266767621716677,Equilibrio / Transizione
2016_S1,PIEMONTE,8.718679789279923,0.0612244897959184,21.931225758450257,0.8818067876033411,-0.3319437359227347,0.3661916581487466,1.3447403944072356,0.7410832119236875,0.37378775054166713,Equilibrio / Transizione
2017_S1,PIEMONTE,8.97363625754517,0.16600692726373079,5.493769808295768,0.6113659748452498,-0.05582137519902267,1.3940276398852762,0.20313057407615198,0.5648900145540794,0.5240304276442672,Espansione Robusta
2018_S1,PIEMONTE,9.166770365442353,0.02668564312399925,5.193453462876296,0.4887962690693059,0.1533462767209015,0.027391853191120565,0.18227308310087798,0.4850353944578397,0.17109867859850325,Equilibrio / Transizione
2019_S1,PIEMONTE,9.357131642794673,0.108169014084507,3.2675495235701124,-0.6389893359180076,0.35951090415925835,0.826681720943267,0.04851571475911856,-0.24972113013475813,0.34607830617033053,Equilibrio / Transizione
2020_S1,PIEMONTE,9.475222353175514,-0.16240227434257282,-5.889795054940061,0.0989364448638775,0.48740523040154987,-1.8274167385967144,-0.5874777461927612,0.23104026608884085,-0.460472700263698,Equilibrio / Transizione
2021_S1,PIEMONTE,10.438601976642106,0.0594736842105262,33.24396032863,-0.2505148656461424,1.5307623874671585,0.3490175875584897,2.1304294279948666,0.0033714349836953712,1.06706371272758,Espansione Robusta
2022_S1,PIEMONTE,11.076111610332156,0.18988095238095234,3.4166705846973238,0.3977787527953372,2.221196586828085,1.628213660342186,0.05887243104886876,0.4257371434083738,1.3415179612135155,Surriscaldamento
2023_S1,PIEMONTE,8.696606824047958,0.01709013914095585,-8.851283230197982,0.1016098219736843,-0.35584914734254536,-0.0667327395842464,-0.7931582355532238,0.2327819812388131,-0.2682813733699876,Equilibrio / Transizione
2024_S1,PIEMONTE,8.971402917277784,-0.009561128526645849,1.0221984788188363,-0.104056724923889,-0.05824012217620639,-0.3281613962335745,-0.10742780901681125,0.09878945947301047,-0.12549960451415526,Equilibrio / Transizione
2012_S1,PUGLIA,7.06448735769858,,-25.660087218159667,-0.7476523611906637,-0.5107599730830616,,-1.9428793428010547,-0.5589407461467076,,Crisi
2013_S1,PUGLIA,7.280165831950214,-0.0803948161543097,-4.998134800303555,0.6355352797103774,-0.13325702227722624,-1.0229859739225913,-0.5439489832080223,-0.068872437819221,-0.4726564122882942,Equilibrio / Transizione
2014_S1,PUGLIA,6.757344687883596,-0.0625726462611391,4.7162462150081685,10.075233038401796,-1.0483530943987382,-0.848164048306962,0.11376923490332454,3.2756461039392364,-0.10727203496009657,Equilibrio / Transizione
2015_S1,PUGLIA,6.886119227031569,-0.0268817204301075,4.021589564909522,-0.3321839811523289,-0.822958470824461,-0.498063223424997,0.06673707367947142,-0.41173881912810506,-0.48586783994938193,Equilibrio / Transizione
2016_S1,PUGLIA,7.0058187533019485,0.0612244897959184,17.315827439695354,0.6942296126450956,-0.6134478808876614,0.3661916581487466,0.9668317304950231,-0.04807682658097284,0.08130556124580117,Equilibrio / Transizione
2017_S1,PUGLIA,7.23316540248528,0.16600692726373079,6.181396531140915,0.1236187372061699,-0.21552207387182007,1.3940276398852762,0.21296814975679795,-0.2502462923647023,0.34783225220710007,Equilibrio / Transizione
2018_S1,PUGLIA,7.383758157744008,0.02668564312399925,4.500015369859378,0.6079824765099414,0.04806106615829876,0.027391853191120565,0.09912919083383531,-0.07863449414103849,0.03306959315835203,Equilibrio / Transizione
2019_S1,PUGLIA,7.5137021639694614,0.108169014084507,3.448119099716052,-0.1487191481007465,0.2755026129322636,0.826681720943267,0.027909898596259884,-0.3467365752441126,0.2980019242419074,Equilibrio / Transizione
2020_S1,PUGLIA,7.592821831163472,-0.16240227434257282,-7.548764735838464,0.6218212961662561,0.41398610293353055,-1.8274167385967144,-0.7166409718810286,-0.07373135104051064,-0.557717782584561,Contrazione
2021_S1,PUGLIA,8.309357389097125,0.0594736842105262,37.27682316229788,-0.7649801285176177,1.6681413375522218,0.3490175875584897,2.3183033803824413,-0.5650800358351846,1.0674534151120352,Espansione Robusta
2022_S1,PUGLIA,8.690046599410595,0.18988095238095234,8.056293912431434,0.1459793473240032,2.3344632815103794,1.628213660342186,0.33990924490432656,-0.24232384854755065,1.3371595183300213,Surriscaldamento
2023_S1,PUGLIA,6.853705437307664,0.01709013914095585,-11.110236105031444,-0.2543353811115746,-0.8796924648404708,-0.0667327395842464,-0.9577726095127053,-0.3841567828233395,-0.5770902238954807,Contrazione
2024_S1,PUGLIA,7.061400209958205,-0.009561128526645849,3.2675448104005023,0.132476672694165,-0.5161634209032888,-0.3281613962335745,0.01568400385133,-0.24710789426779053,-0.313034999556126,Equilibrio / Transizione
2012_S1,SARDEGNA,8.008892690410311,,-23.145721103116312,-0.923804277043309,0.9633661445077795,,-1.8130969236362655,-0.46524615617000775,,Crisi
2013_S1,SARDEGNA,8.030743448629805,-0.0803948161543097,-13.383560970771002,0.4516691281897705,1.000482765111977,-1.0229859739225913,-1.128499717432973,-0.2694084473110725,-0.22283803497084093,Equilibrio / Transizione
2014_S1,SARDEGNA,6.698676920007012,-0.0625726462611391,-2.740703954311252,25.29948292556545,-1.2622216896165293,-0.848164048306962,-0.382141321267327,3.2683836362857055,-0.28239752466848334,Equilibrio / Transizione
2015_S1,SARDEGNA,6.989964120076931,-0.0268817204301075,9.254606779903485,4.593327451505724,-0.7674289513851796,-0.498063223424997,0.45906145607442245,0.3202742567156859,-0.27816567029007455,Equilibrio / Transizione
2016_S1,SARDEGNA,7.139140557195477,0.0612244897959184,18.257919668658666,0.5457023963699624,-0.5140315560181173,0.3661916581487466,1.0904424994762487,-0.2560201406183625,0.10963193164077831,Equilibrio / Transizione
2017_S1,SARDEGNA,7.285897777651678,0.16600692726373079,6.290286862905425,0.5329491903621805,-0.2647435442300422,1.3940276398852762,0.2511807098094968,-0.2578359217419145,0.3371088051856802,Equilibrio / Transizione
2018_S1,SARDEGNA,7.373860247832089,0.02668564312399925,8.385546339426874,-0.366427805653576,-0.11532677798795551,0.027391853191120565,0.3981163023885286,-0.3858877834718847,-0.010406723381525235,Equilibrio / Transizione
2019_S1,SARDEGNA,7.4543504234573135,0.108169014084507,2.593268119644021,-0.0767690289292293,0.021397233189904493,0.826681720943267,-0.008082472581049834,-0.34464662899462634,0.20218005903404274,Equilibrio / Transizione
2020_S1,SARDEGNA,7.489124465096811,-0.16240227434257282,-8.212271782251356,0.3139755790201692,0.08046588872316514,-1.8274167385967144,-0.7658494348177753,-0.2890130351507482,-0.7165838027620738,Contrazione
2021_S1,SARDEGNA,8.125622163712546,0.0594736842105262,33.38800358326981,-0.0027391528408299,1.1616477569976245,0.3490175875584897,2.1514795073864748,-0.3341063733523834,0.8914619366911529,Espansione Robusta
2022_S1,SARDEGNA,8.570430704301316,0.18988095238095234,8.78043554906267,0.2388044174330342,1.91721832698415,1.628213660342186,0.42580894889416876,-0.2997157852013715,1.1996949345457362,Espansione Robusta
2023_S1,SARDEGNA,6.701652355607743,0.01709013914095585,-4.263920114060927,-0.4370764786355058,-1.2571674890613258,-0.0667327395842464,-0.4889608687108507,-0.3959466288105633,-0.6172126111104925,Contrazione
2024_S1,SARDEGNA,6.874442939272608,-0.009561128526645849,0.0068952576452563,0.3012070904689209,-0.9636581072154718,-0.3281613962335745,-0.18945868558309828,-0.29083099217845554,-0.5172451423388754,Contrazione
2012_S1,SICILIA,7.12682338103959,,-26.74002161660436,-1.420058234190202,-1.0315733577196011,,-2.038657873251964,-0.9035732733980741,,Crisi
2013_S1,SICILIA,7.258389262310967,-0.0803948161543097,-9.068431710959937,0.1634767827896647,-0.8895700316806942,-1.0229859739225913,-0.8100260545149665,-0.1957168411818559,-0.809608040345292,Contrazione
2014_S1,SICILIA,6.980717559501812,-0.0625726462611391,2.1523225535239776,7.672756759193532,-1.1892701132273313,-0.848164048306962,-0.029893887959290807,3.1610085078714842,-0.20252125553279,Equilibrio / Transizione
2015_S1,SICILIA,7.240706879901138,-0.0268817204301075,5.520636040090587,0.3883713386869967,-0.9086552009527206,-0.498063223424997,0.20429087680569805,-0.09518666265384908,-0.44086811139788895,Equilibrio / Transizione
2016_S1,SICILIA,7.526346014378252,0.0612244897959184,12.890619886103297,-0.4029475607094943,-0.6003556117989084,0.3661916581487466,0.7166950637032594,-0.44891434588523693,-0.02426510582712761,Equilibrio / Transizione
2017_S1,SICILIA,7.884092516714667,0.16600692726373079,4.706455724904535,-0.6189729266231181,-0.21422820004410434,1.3940276398852762,0.14768432092883318,-0.5454799053102893,0.29094330033936955,Equilibrio / Transizione
2018_S1,SICILIA,8.1589925586253,0.02668564312399925,7.634119086521829,0.0548564428130464,0.08248033793182369,0.027391853191120565,0.3512325234301042,-0.24427124982928985,0.07069149144510181,Equilibrio / Transizione
2019_S1,SICILIA,8.346097194753709,0.108169014084507,2.4366995888919,0.9583704363707584,0.2844284447721477,0.826681720943267,-0.010122340744994766,0.15960879392052305,0.36947132289231127,Equilibrio / Transizione
2020_S1,SICILIA,8.543017231347603,-0.16240227434257282,-9.246346484684375,-0.2469530595313315,0.49697063192443264,-1.8274167385967144,-0.8223957254494091,-0.379183200147822,-0.595641925517518,Contrazione
2021_S1,SICILIA,9.490214137459738,0.0594736842105262,36.08282075726981,-0.5635217081891932,1.5193109969332435,0.3490175875584897,2.329151899166247,-0.5206926406007656,1.0241906089373167,Espansione Robusta
2022_S1,SICILIA,10.093619264039825,0.18988095238095234,9.48054399834244,1.2789738302714773,2.1705857354542366,1.628213660342186,0.4796067336559119,0.30292180697646304,1.3895287232892901,Surriscaldamento
2023_S1,SICILIA,8.00035736238136,0.01709013914095585,-2.611239821304634,0.109425997692782,-0.08873977837636322,-0.0667327395842464,-0.36108447893058915,-0.2198780977924834,-0.1562773547619914,Equilibrio / Transizione
2024_S1,SICILIA,8.424096981916048,-0.009561128526645849,0.3316009169514133,0.4432778402876232,0.36861614678382937,-0.3281613962335745,-0.15648105683884025,-0.07064289196880354,-0.011325412658820661,Equilibrio / Transizione
2012_S1,TOSCANA,4.485299483117391,,-25.74386402901044,1.3434453755786513,-1.4033255175794142,,-1.8466420982110268,1.8143796185626762,,Crisi
2013_S1,TOSCANA,4.599563830934795,-0.0803948161543097,-10.170794106275928,-0.1809862965758905,-1.246773156661742,-1.0229859739225913,-0.843906499787885,-0.5314616638796287,-0.9917669465479084,Contrazione
2014_S1,TOSCANA,4.70428797552056,-0.0625726462611391,7.091515076883326,0.4426223449213662,-1.103291726161789,-0.848164048306962,0.26759765545070324,0.4281660597063488,-0.5228568786026218,Contrazione
2015_S1,TOSCANA,4.96127664599241,-0.0268817204301075,12.001931800359513,-0.7215578979206241,-0.7511942971741105,-0.498063223424997,0.583774855973881,-1.3633094939356452,-0.5000784239340083,Contrazione
2016_S1,TOSCANA,5.204325019444665,0.0612244897959184,19.492808822425523,0.6589129103930903,-0.4181963200451908,0.3661916581487466,1.0661055133653292,0.7610004836784346,0.2908599606536382,Equilibrio / Transizione
2017_S1,TOSCANA,5.467955498541992,0.16600692726373079,6.252345147052707,1.281364065720168,-0.056999020092131474,1.3940276398852762,0.21356427822050222,1.7188470327510117,0.698798545490089,Espansione Robusta
2018_S1,TOSCANA,5.6862988570111135,0.02668564312399925,8.014772650447322,-0.2626609672916741,0.24215088022199202,0.027391853191120565,0.327045358448227,-0.6571451023666922,0.05980767036967495,Equilibrio / Transizione
2019_S1,TOSCANA,5.854990079271548,0.108169014084507,1.5429272295324203,-0.5318996584015008,0.4732729197330466,0.826681720943267,-0.08967079470853341,-1.071457693723122,0.2349972251893714,Equilibrio / Transizione
2020_S1,TOSCANA,5.958037194733684,-0.16240227434257282,-8.300821851583285,-0.2978648128135837,0.6144566705660972,-1.8274167385967144,-0.7235007122875969,-0.7113178381045294,-0.5845630050540791,Contrazione
2021_S1,TOSCANA,6.516485046356319,0.0594736842105262,35.39052007396679,0.4287824191352684,1.3795800996223246,0.3490175875584897,2.0897444673072627,0.4068687658702268,1.066537519477347,Espansione Robusta
2022_S1,TOSCANA,6.943032352637835,0.18988095238095234,6.913636781351396,-0.2204890324012631,1.9639880021481018,1.628213660342186,0.2561442361825916,-0.5922496612436572,1.138251296904461,Espansione Robusta
2023_S1,TOSCANA,5.507152027763029,0.01709013914095585,-13.811537744315329,0.3178032069484178,-0.0032962746028925485,-0.0667327395842464,-1.0783306222446376,0.23609061805538273,-0.20142604972690642,Equilibrio / Transizione
2024_S1,TOSCANA,5.735548828924931,-0.009561128526645849,-0.5110677826149046,-0.1205179311005404,0.3096277400257009,-0.3281613962335745,-0.22192563770881732,-0.438411125370806,-0.10022550620846139,Equilibrio / Transizione
2012_S1,UMBRIA,7.402698704985685,,-27.108056501061483,-0.6489158178619133,-1.0600129166967431,,-1.953312264701889,-0.27005469534793347,,Crisi
2013_S1,UMBRIA,7.656575119281789,-0.0803948161543097,-11.123603366726163,-1.956012400185208,-0.909852834294385,-1.0229859739225913,-0.8945579122299587,-0.5571637017579629,-0.8878304218894981,Contrazione
2014_S1,UMBRIA,7.37340680463863,-0.0625726462611391,2.6461041635773563,8.679942477283987,-1.0773381738776067,-0.848164048306962,0.017499426075759484,1.7790664425090632,-0.3611577237577396,Equilibrio / Transizione
2015_S1,UMBRIA,7.633874485838875,-0.0268817204301075,6.510359538498034,2.822396072819223,-0.9232795600413382,-0.498063223424997,0.273454206816555,0.4924328831149362,-0.34401103921141596,Equilibrio / Transizione
2016_S1,UMBRIA,8.112518606752026,0.0612244897959184,14.324155969416983,-2.1315696048109687,-0.640176299594722,0.3661916581487466,0.791012793966123,-0.5957255458250891,-0.04536048049406745,Equilibrio / Transizione
2017_S1,UMBRIA,8.579630100467453,0.16600692726373079,-0.8320920061458459,3.806073751765403,-0.36389423305509927,1.3940276398852762,-0.21288414116279333,0.708501630328681,0.3545437267130416,Equilibrio / Transizione
2018_S1,UMBRIA,8.819373739689254,0.02668564312399925,6.576560875319015,0.8500824774902003,-0.2220932519722363,0.027391853191120565,0.27783915216999444,0.059206291949503255,-0.005066308006522149,Equilibrio / Transizione
2019_S1,UMBRIA,9.113698913242176,0.108169014084507,7.164802940202297,0.0879313568140698,-0.048008973854742294,0.826681720943267,0.3168022522065193,-0.10820325830934034,0.2783313371287231,Equilibrio / Transizione
2020_S1,UMBRIA,9.373254269510776,-0.16240227434257282,-4.699443800005943,0.8865469495746316,0.10551002787421973,-1.8274167385967144,-0.469044017880388,0.06721585948338722,-0.5950229364766069,Contrazione
2021_S1,UMBRIA,11.313814120491337,0.0594736842105262,34.90364926459711,-9.81851961255881,1.253291431427864,0.3490175875584897,2.1541265592494607,-2.2841949434921225,0.6315533475933731,Espansione Robusta
2022_S1,UMBRIA,12.609323322592685,0.18988095238095234,14.499433191539037,-2.257694157041781,2.0195452367682085,1.628213660342186,0.8026225450318188,-0.6234293095443196,1.2623150435462445,Surriscaldamento
2023_S1,UMBRIA,10.534737184264662,0.01709013914095585,-12.239713048542978,6.561502993364954,0.7924914108118117,-0.0667327395842464,-0.9684851197189218,1.3137427138778668,0.26071655504675584,Equilibrio / Transizione
2024_S1,UMBRIA,11.010377708843036,-0.009561128526645849,0.3426477875043021,0.6652433350365619,1.0738181365047603,-0.3281613962335745,-0.13507347982228005,0.01860563301332982,0.25316407789413725,Equilibrio / Transizione
2012_S1,VENETO,7.195590329983137,,-27.629726796639098,-0.0076380602839049,-0.4504534724499573,,-2.0748197597681486,0.39227089482477656,,Crisi
2013_S1,VENETO,6.957425086922034,-0.0803948161543097,-7.822616733810839,-0.3655040254504155,-0.8280906009024206,-1.0229859739225913,-0.7453976521678636,0.22285339471987844,-0.7123790237182156,Contrazione
2014_S1,VENETO,6.752646280208662,-0.0625726462611391,5.9781356835360455,-7.596435182715136,-1.15278987079261,-0.848164048306962,0.18088716711885508,-3.2003452308448854,-1.101800020472464,Contrazione
2015_S1,VENETO,6.931854244020162,-0.0268817204301075,12.70993488713108,-0.8957753460893775,-0.8686359783951999,-0.498063223424997,0.6327149530400559,-0.028182608321583317,-0.3311259601060454,Equilibrio / Transizione
2016_S1,VENETO,7.172688845429012,0.0612244897959184,23.595472851321286,-0.8916222247954039,-0.48676628935456057,0.3661916581487466,1.3633351584518025,-0.026216477155882646,0.2082238562875059,Equilibrio / Transizione
2017_S1,VENETO,7.403362987162678,0.16600692726373079,5.304661113415099,0.2337342471676145,-0.1210071241089871,1.3940276398852762,0.13568461209768407,0.5065390759410233,0.47897358233812765,Equilibrio / Transizione
2018_S1,VENETO,7.574797413672885,0.02668564312399925,10.01008691460521,-0.2761329920989526,0.15082097185126012,0.027391853191120565,0.45150539897332853,0.26516257895636036,0.191080362743397,Equilibrio / Transizione
2019_S1,VENETO,7.673187824227843,0.108169014084507,5.492733085411539,0.1192524569263585,0.30682976487107416,0.826681720943267,0.14830770736998586,0.4523421961087024,0.45290780487815857,Equilibrio / Transizione
2020_S1,VENETO,7.701664167550455,-0.16240227434257282,-6.906373811091737,-0.1670853352786513,0.351982132122323,-1.8274167385967144,-0.683900866744279,0.3167868830507614,-0.5142934162274428,Contrazione
2021_S1,VENETO,8.477311228075097,0.0594736842105262,30.049670018732755,-1.1543798564210124,1.5818556638952626,0.3490175875584897,1.7965307318570605,-0.15060869495949994,0.9950696007583759,Espansione Robusta
2022_S1,VENETO,8.968030804234795,0.18988095238095234,1.468230998228992,0.6904737585301687,2.3599454020726105,1.628213660342186,-0.12181054965049348,0.7227643494960897,1.398497531322384,Surriscaldamento
2023_S1,VENETO,7.067063425822831,0.01709013914095585,-10.621806776303156,-1.0074312406778692,-0.6542469831744855,-0.0667327395842464,-0.9332748898900688,-0.08104167952260319,-0.4478174958927481,Equilibrio / Transizione
2024_S1,VENETO,7.360201993684159,-0.009561128526645849,1.0517811272512168,0.4473675421367619,-0.18944361563433465,-0.3281613962335745,-0.1497620106879189,0.6076753177068616,-0.10355478882364401,Equilibrio / Transizione
